<component name="libraryTable">
  <library name="Maven: org.apache.tomcat.embed:tomcat-embed-websocket:8.5.23">
    <CLASSES>
      <root url="jar://$APPLICATION_HOME_DIR$/bin/C:/Users/Five0/.m2/repository/org/apache/tomcat/embed/tomcat-embed-websocket/8.5.23/tomcat-embed-websocket-8.5.23.jar!/" />
    </CLASSES>
    <JAVADOC>
      <root url="jar://$APPLICATION_HOME_DIR$/bin/C:/Users/Five0/.m2/repository/org/apache/tomcat/embed/tomcat-embed-websocket/8.5.23/tomcat-embed-websocket-8.5.23-javadoc.jar!/" />
    </JAVADOC>
    <SOURCES>
      <root url="jar://$APPLICATION_HOME_DIR$/bin/C:/Users/Five0/.m2/repository/org/apache/tomcat/embed/tomcat-embed-websocket/8.5.23/tomcat-embed-websocket-8.5.23-sources.jar!/" />
    </SOURCES>
  </library>
</component>