<component name="libraryTable">
  <library name="Maven: org.slf4j:slf4j-api:1.7.25">
    <CLASSES>
      <root url="jar://$APPLICATION_HOME_DIR$/bin/C:/Users/Five0/.m2/repository/org/slf4j/slf4j-api/1.7.25/slf4j-api-1.7.25.jar!/" />
    </CLASSES>
    <JAVADOC>
      <root url="jar://$APPLICATION_HOME_DIR$/bin/C:/Users/Five0/.m2/repository/org/slf4j/slf4j-api/1.7.25/slf4j-api-1.7.25-javadoc.jar!/" />
    </JAVADOC>
    <SOURCES>
      <root url="jar://$APPLICATION_HOME_DIR$/bin/C:/Users/Five0/.m2/repository/org/slf4j/slf4j-api/1.7.25/slf4j-api-1.7.25-sources.jar!/" />
    </SOURCES>
  </library>
</component>