<component name="libraryTable">
  <library name="Maven: net.minidev:accessors-smart:1.1">
    <CLASSES>
      <root url="jar://$APPLICATION_HOME_DIR$/bin/C:/Users/Five0/.m2/repository/net/minidev/accessors-smart/1.1/accessors-smart-1.1.jar!/" />
    </CLASSES>
    <JAVADOC>
      <root url="jar://$APPLICATION_HOME_DIR$/bin/C:/Users/Five0/.m2/repository/net/minidev/accessors-smart/1.1/accessors-smart-1.1-javadoc.jar!/" />
    </JAVADOC>
    <SOURCES>
      <root url="jar://$APPLICATION_HOME_DIR$/bin/C:/Users/Five0/.m2/repository/net/minidev/accessors-smart/1.1/accessors-smart-1.1-sources.jar!/" />
    </SOURCES>
  </library>
</component>