<component name="libraryTable">
  <library name="Maven: org.assertj:assertj-core:2.6.0">
    <CLASSES>
      <root url="jar://$APPLICATION_HOME_DIR$/bin/C:/Users/Five0/.m2/repository/org/assertj/assertj-core/2.6.0/assertj-core-2.6.0.jar!/" />
    </CLASSES>
    <JAVADOC>
      <root url="jar://$APPLICATION_HOME_DIR$/bin/C:/Users/Five0/.m2/repository/org/assertj/assertj-core/2.6.0/assertj-core-2.6.0-javadoc.jar!/" />
    </JAVADOC>
    <SOURCES>
      <root url="jar://$APPLICATION_HOME_DIR$/bin/C:/Users/Five0/.m2/repository/org/assertj/assertj-core/2.6.0/assertj-core-2.6.0-sources.jar!/" />
    </SOURCES>
  </library>
</component>