<component name="libraryTable">
  <library name="Maven: com.fasterxml:classmate:1.3.4">
    <CLASSES>
      <root url="jar://$APPLICATION_HOME_DIR$/bin/C:/Users/Five0/.m2/repository/com/fasterxml/classmate/1.3.4/classmate-1.3.4.jar!/" />
    </CLASSES>
    <JAVADOC>
      <root url="jar://$APPLICATION_HOME_DIR$/bin/C:/Users/Five0/.m2/repository/com/fasterxml/classmate/1.3.4/classmate-1.3.4-javadoc.jar!/" />
    </JAVADOC>
    <SOURCES>
      <root url="jar://$APPLICATION_HOME_DIR$/bin/C:/Users/Five0/.m2/repository/com/fasterxml/classmate/1.3.4/classmate-1.3.4-sources.jar!/" />
    </SOURCES>
  </library>
</component>