<component name="libraryTable">
  <library name="Maven: org.hibernate.javax.persistence:hibernate-jpa-2.1-api:1.0.0.Final">
    <CLASSES>
      <root url="jar://$APPLICATION_HOME_DIR$/bin/C:/Users/Five0/.m2/repository/org/hibernate/javax/persistence/hibernate-jpa-2.1-api/1.0.0.Final/hibernate-jpa-2.1-api-1.0.0.Final.jar!/" />
    </CLASSES>
    <JAVADOC>
      <root url="jar://$APPLICATION_HOME_DIR$/bin/C:/Users/Five0/.m2/repository/org/hibernate/javax/persistence/hibernate-jpa-2.1-api/1.0.0.Final/hibernate-jpa-2.1-api-1.0.0.Final-javadoc.jar!/" />
    </JAVADOC>
    <SOURCES>
      <root url="jar://$APPLICATION_HOME_DIR$/bin/C:/Users/Five0/.m2/repository/org/hibernate/javax/persistence/hibernate-jpa-2.1-api/1.0.0.Final/hibernate-jpa-2.1-api-1.0.0.Final-sources.jar!/" />
    </SOURCES>
  </library>
</component>