<component name="libraryTable">
  <library name="Maven: org.springframework.data:spring-data-jpa:1.11.8.RELEASE">
    <CLASSES>
      <root url="jar://$APPLICATION_HOME_DIR$/bin/C:/Users/Five0/.m2/repository/org/springframework/data/spring-data-jpa/1.11.8.RELEASE/spring-data-jpa-1.11.8.RELEASE.jar!/" />
    </CLASSES>
    <JAVADOC>
      <root url="jar://$APPLICATION_HOME_DIR$/bin/C:/Users/Five0/.m2/repository/org/springframework/data/spring-data-jpa/1.11.8.RELEASE/spring-data-jpa-1.11.8.RELEASE-javadoc.jar!/" />
    </JAVADOC>
    <SOURCES>
      <root url="jar://$APPLICATION_HOME_DIR$/bin/C:/Users/Five0/.m2/repository/org/springframework/data/spring-data-jpa/1.11.8.RELEASE/spring-data-jpa-1.11.8.RELEASE-sources.jar!/" />
    </SOURCES>
  </library>
</component>