<component name="libraryTable">
  <library name="Maven: dom4j:dom4j:1.6.1">
    <CLASSES>
      <root url="jar://$APPLICATION_HOME_DIR$/bin/C:/Users/Five0/.m2/repository/dom4j/dom4j/1.6.1/dom4j-1.6.1.jar!/" />
    </CLASSES>
    <JAVADOC>
      <root url="jar://$APPLICATION_HOME_DIR$/bin/C:/Users/Five0/.m2/repository/dom4j/dom4j/1.6.1/dom4j-1.6.1-javadoc.jar!/" />
    </JAVADOC>
    <SOURCES>
      <root url="jar://$APPLICATION_HOME_DIR$/bin/C:/Users/Five0/.m2/repository/dom4j/dom4j/1.6.1/dom4j-1.6.1-sources.jar!/" />
    </SOURCES>
  </library>
</component>