<component name="libraryTable">
  <library name="Maven: org.yaml:snakeyaml:1.17">
    <CLASSES>
      <root url="jar://$APPLICATION_HOME_DIR$/bin/C:/Users/Five0/.m2/repository/org/yaml/snakeyaml/1.17/snakeyaml-1.17.jar!/" />
    </CLASSES>
    <JAVADOC>
      <root url="jar://$APPLICATION_HOME_DIR$/bin/C:/Users/Five0/.m2/repository/org/yaml/snakeyaml/1.17/snakeyaml-1.17-javadoc.jar!/" />
    </JAVADOC>
    <SOURCES>
      <root url="jar://$APPLICATION_HOME_DIR$/bin/C:/Users/Five0/.m2/repository/org/yaml/snakeyaml/1.17/snakeyaml-1.17-sources.jar!/" />
    </SOURCES>
  </library>
</component>