<component name="libraryTable">
  <library name="Maven: org.slf4j:log4j-over-slf4j:1.7.25">
    <CLASSES>
      <root url="jar://$APPLICATION_HOME_DIR$/bin/C:/Users/Five0/.m2/repository/org/slf4j/log4j-over-slf4j/1.7.25/log4j-over-slf4j-1.7.25.jar!/" />
    </CLASSES>
    <JAVADOC>
      <root url="jar://$APPLICATION_HOME_DIR$/bin/C:/Users/Five0/.m2/repository/org/slf4j/log4j-over-slf4j/1.7.25/log4j-over-slf4j-1.7.25-javadoc.jar!/" />
    </JAVADOC>
    <SOURCES>
      <root url="jar://$APPLICATION_HOME_DIR$/bin/C:/Users/Five0/.m2/repository/org/slf4j/log4j-over-slf4j/1.7.25/log4j-over-slf4j-1.7.25-sources.jar!/" />
    </SOURCES>
  </library>
</component>