<component name="libraryTable">
  <library name="Maven: org.aspectj:aspectjweaver:1.8.11">
    <CLASSES>
      <root url="jar://$APPLICATION_HOME_DIR$/bin/C:/Users/Five0/.m2/repository/org/aspectj/aspectjweaver/1.8.11/aspectjweaver-1.8.11.jar!/" />
    </CLASSES>
    <JAVADOC>
      <root url="jar://$APPLICATION_HOME_DIR$/bin/C:/Users/Five0/.m2/repository/org/aspectj/aspectjweaver/1.8.11/aspectjweaver-1.8.11-javadoc.jar!/" />
    </JAVADOC>
    <SOURCES>
      <root url="jar://$APPLICATION_HOME_DIR$/bin/C:/Users/Five0/.m2/repository/org/aspectj/aspectjweaver/1.8.11/aspectjweaver-1.8.11-sources.jar!/" />
    </SOURCES>
  </library>
</component>