<component name="libraryTable">
  <library name="Maven: ch.qos.logback:logback-core:1.1.11">
    <CLASSES>
      <root url="jar://$APPLICATION_HOME_DIR$/bin/C:/Users/Five0/.m2/repository/ch/qos/logback/logback-core/1.1.11/logback-core-1.1.11.jar!/" />
    </CLASSES>
    <JAVADOC>
      <root url="jar://$APPLICATION_HOME_DIR$/bin/C:/Users/Five0/.m2/repository/ch/qos/logback/logback-core/1.1.11/logback-core-1.1.11-javadoc.jar!/" />
    </JAVADOC>
    <SOURCES>
      <root url="jar://$APPLICATION_HOME_DIR$/bin/C:/Users/Five0/.m2/repository/ch/qos/logback/logback-core/1.1.11/logback-core-1.1.11-sources.jar!/" />
    </SOURCES>
  </library>
</component>