<component name="libraryTable">
  <library name="Maven: org.javassist:javassist:3.21.0-GA">
    <CLASSES>
      <root url="jar://$APPLICATION_HOME_DIR$/bin/C:/Users/Five0/.m2/repository/org/javassist/javassist/3.21.0-GA/javassist-3.21.0-GA.jar!/" />
    </CLASSES>
    <JAVADOC>
      <root url="jar://$APPLICATION_HOME_DIR$/bin/C:/Users/Five0/.m2/repository/org/javassist/javassist/3.21.0-GA/javassist-3.21.0-GA-javadoc.jar!/" />
    </JAVADOC>
    <SOURCES>
      <root url="jar://$APPLICATION_HOME_DIR$/bin/C:/Users/Five0/.m2/repository/org/javassist/javassist/3.21.0-GA/javassist-3.21.0-GA-sources.jar!/" />
    </SOURCES>
  </library>
</component>