<component name="libraryTable">
  <library name="Maven: junit:junit:4.12">
    <CLASSES>
      <root url="jar://$APPLICATION_HOME_DIR$/bin/C:/Users/Five0/.m2/repository/junit/junit/4.12/junit-4.12.jar!/" />
    </CLASSES>
    <JAVADOC>
      <root url="jar://$APPLICATION_HOME_DIR$/bin/C:/Users/Five0/.m2/repository/junit/junit/4.12/junit-4.12-javadoc.jar!/" />
    </JAVADOC>
    <SOURCES>
      <root url="jar://$APPLICATION_HOME_DIR$/bin/C:/Users/Five0/.m2/repository/junit/junit/4.12/junit-4.12-sources.jar!/" />
    </SOURCES>
  </library>
</component>