<component name="libraryTable">
  <library name="Maven: org.springframework:spring-tx:4.3.12.RELEASE">
    <CLASSES>
      <root url="jar://$APPLICATION_HOME_DIR$/bin/C:/Users/Five0/.m2/repository/org/springframework/spring-tx/4.3.12.RELEASE/spring-tx-4.3.12.RELEASE.jar!/" />
    </CLASSES>
    <JAVADOC>
      <root url="jar://$APPLICATION_HOME_DIR$/bin/C:/Users/Five0/.m2/repository/org/springframework/spring-tx/4.3.12.RELEASE/spring-tx-4.3.12.RELEASE-javadoc.jar!/" />
    </JAVADOC>
    <SOURCES>
      <root url="jar://$APPLICATION_HOME_DIR$/bin/C:/Users/Five0/.m2/repository/org/springframework/spring-tx/4.3.12.RELEASE/spring-tx-4.3.12.RELEASE-sources.jar!/" />
    </SOURCES>
  </library>
</component>