<component name="libraryTable">
  <library name="Maven: org.jboss:jandex:2.0.0.Final">
    <CLASSES>
      <root url="jar://$APPLICATION_HOME_DIR$/bin/C:/Users/Five0/.m2/repository/org/jboss/jandex/2.0.0.Final/jandex-2.0.0.Final.jar!/" />
    </CLASSES>
    <JAVADOC>
      <root url="jar://$APPLICATION_HOME_DIR$/bin/C:/Users/Five0/.m2/repository/org/jboss/jandex/2.0.0.Final/jandex-2.0.0.Final-javadoc.jar!/" />
    </JAVADOC>
    <SOURCES>
      <root url="jar://$APPLICATION_HOME_DIR$/bin/C:/Users/Five0/.m2/repository/org/jboss/jandex/2.0.0.Final/jandex-2.0.0.Final-sources.jar!/" />
    </SOURCES>
  </library>
</component>