<component name="libraryTable">
  <library name="Maven: org.mockito:mockito-core:1.10.19">
    <CLASSES>
      <root url="jar://$APPLICATION_HOME_DIR$/bin/C:/Users/Five0/.m2/repository/org/mockito/mockito-core/1.10.19/mockito-core-1.10.19.jar!/" />
    </CLASSES>
    <JAVADOC>
      <root url="jar://$APPLICATION_HOME_DIR$/bin/C:/Users/Five0/.m2/repository/org/mockito/mockito-core/1.10.19/mockito-core-1.10.19-javadoc.jar!/" />
    </JAVADOC>
    <SOURCES>
      <root url="jar://$APPLICATION_HOME_DIR$/bin/C:/Users/Five0/.m2/repository/org/mockito/mockito-core/1.10.19/mockito-core-1.10.19-sources.jar!/" />
    </SOURCES>
  </library>
</component>