<component name="libraryTable">
  <library name="Maven: org.jetbrains.kotlin:kotlin-stdlib-jdk8:1.2.0">
    <CLASSES>
      <root url="jar://$APPLICATION_HOME_DIR$/bin/C:/Users/Five0/.m2/repository/org/jetbrains/kotlin/kotlin-stdlib-jdk8/1.2.0/kotlin-stdlib-jdk8-1.2.0.jar!/" />
    </CLASSES>
    <JAVADOC>
      <root url="jar://$APPLICATION_HOME_DIR$/bin/C:/Users/Five0/.m2/repository/org/jetbrains/kotlin/kotlin-stdlib-jdk8/1.2.0/kotlin-stdlib-jdk8-1.2.0-javadoc.jar!/" />
    </JAVADOC>
    <SOURCES>
      <root url="jar://$APPLICATION_HOME_DIR$/bin/C:/Users/Five0/.m2/repository/org/jetbrains/kotlin/kotlin-stdlib-jdk8/1.2.0/kotlin-stdlib-jdk8-1.2.0-sources.jar!/" />
    </SOURCES>
  </library>
</component>