<component name="libraryTable">
  <library name="Maven: antlr:antlr:2.7.7">
    <CLASSES>
      <root url="jar://$APPLICATION_HOME_DIR$/bin/C:/Users/Five0/.m2/repository/antlr/antlr/2.7.7/antlr-2.7.7.jar!/" />
    </CLASSES>
    <JAVADOC>
      <root url="jar://$APPLICATION_HOME_DIR$/bin/C:/Users/Five0/.m2/repository/antlr/antlr/2.7.7/antlr-2.7.7-javadoc.jar!/" />
    </JAVADOC>
    <SOURCES>
      <root url="jar://$APPLICATION_HOME_DIR$/bin/C:/Users/Five0/.m2/repository/antlr/antlr/2.7.7/antlr-2.7.7-sources.jar!/" />
    </SOURCES>
  </library>
</component>