<component name="libraryTable">
  <library name="Maven: javax.transaction:javax.transaction-api:1.2">
    <CLASSES>
      <root url="jar://$MAVEN_REPOSITORY$/javax/transaction/javax.transaction-api/1.2/javax.transaction-api-1.2.jar!/" />
    </CLASSES>
    <JAVADOC>
      <root url="jar://$MAVEN_REPOSITORY$/javax/transaction/javax.transaction-api/1.2/javax.transaction-api-1.2-javadoc.jar!/" />
    </JAVADOC>
    <SOURCES>
      <root url="jar://$MAVEN_REPOSITORY$/javax/transaction/javax.transaction-api/1.2/javax.transaction-api-1.2-sources.jar!/" />
    </SOURCES>
  </library>
</component>