<component name="libraryTable">
  <library name="Maven: org.springframework:spring-webmvc:4.3.12.RELEASE">
    <CLASSES>
      <root url="jar://$MAVEN_REPOSITORY$/org/springframework/spring-webmvc/4.3.12.RELEASE/spring-webmvc-4.3.12.RELEASE.jar!/" />
    </CLASSES>
    <JAVADOC>
      <root url="jar://$MAVEN_REPOSITORY$/org/springframework/spring-webmvc/4.3.12.RELEASE/spring-webmvc-4.3.12.RELEASE-javadoc.jar!/" />
    </JAVADOC>
    <SOURCES>
      <root url="jar://$MAVEN_REPOSITORY$/org/springframework/spring-webmvc/4.3.12.RELEASE/spring-webmvc-4.3.12.RELEASE-sources.jar!/" />
    </SOURCES>
  </library>
</component>