<component name="libraryTable">
  <library name="Maven: org.apache.tomcat.embed:tomcat-embed-core:8.5.23">
    <CLASSES>
      <root url="jar://$MAVEN_REPOSITORY$/org/apache/tomcat/embed/tomcat-embed-core/8.5.23/tomcat-embed-core-8.5.23.jar!/" />
    </CLASSES>
    <JAVADOC>
      <root url="jar://$MAVEN_REPOSITORY$/org/apache/tomcat/embed/tomcat-embed-core/8.5.23/tomcat-embed-core-8.5.23-javadoc.jar!/" />
    </JAVADOC>
    <SOURCES>
      <root url="jar://$MAVEN_REPOSITORY$/org/apache/tomcat/embed/tomcat-embed-core/8.5.23/tomcat-embed-core-8.5.23-sources.jar!/" />
    </SOURCES>
  </library>
</component>