<component name="libraryTable">
  <library name="Maven: org.apache.geronimo.specs:geronimo-jta_1.1_spec:1.1.1">
    <CLASSES>
      <root url="jar://$MAVEN_REPOSITORY$/org/apache/geronimo/specs/geronimo-jta_1.1_spec/1.1.1/geronimo-jta_1.1_spec-1.1.1.jar!/" />
    </CLASSES>
    <JAVADOC>
      <root url="jar://$MAVEN_REPOSITORY$/org/apache/geronimo/specs/geronimo-jta_1.1_spec/1.1.1/geronimo-jta_1.1_spec-1.1.1-javadoc.jar!/" />
    </JAVADOC>
    <SOURCES>
      <root url="jar://$MAVEN_REPOSITORY$/org/apache/geronimo/specs/geronimo-jta_1.1_spec/1.1.1/geronimo-jta_1.1_spec-1.1.1-sources.jar!/" />
    </SOURCES>
  </library>
</component>