<component name="libraryTable">
  <library name="Maven: org.hibernate:hibernate-core:5.0.12.Final">
    <CLASSES>
      <root url="jar://$MAVEN_REPOSITORY$/org/hibernate/hibernate-core/5.0.12.Final/hibernate-core-5.0.12.Final.jar!/" />
    </CLASSES>
    <JAVADOC>
      <root url="jar://$MAVEN_REPOSITORY$/org/hibernate/hibernate-core/5.0.12.Final/hibernate-core-5.0.12.Final-javadoc.jar!/" />
    </JAVADOC>
    <SOURCES>
      <root url="jar://$MAVEN_REPOSITORY$/org/hibernate/hibernate-core/5.0.12.Final/hibernate-core-5.0.12.Final-sources.jar!/" />
    </SOURCES>
  </library>
</component>