<component name="libraryTable">
  <library name="Maven: org.apache.tomcat:tomcat-jdbc:8.5.23">
    <CLASSES>
      <root url="jar://$MAVEN_REPOSITORY$/org/apache/tomcat/tomcat-jdbc/8.5.23/tomcat-jdbc-8.5.23.jar!/" />
    </CLASSES>
    <JAVADOC>
      <root url="jar://$MAVEN_REPOSITORY$/org/apache/tomcat/tomcat-jdbc/8.5.23/tomcat-jdbc-8.5.23-javadoc.jar!/" />
    </JAVADOC>
    <SOURCES>
      <root url="jar://$MAVEN_REPOSITORY$/org/apache/tomcat/tomcat-jdbc/8.5.23/tomcat-jdbc-8.5.23-sources.jar!/" />
    </SOURCES>
  </library>
</component>