<component name="libraryTable">
  <library name="Maven: org.springframework:spring-web:4.3.12.RELEASE">
    <CLASSES>
      <root url="jar://$MAVEN_REPOSITORY$/org/springframework/spring-web/4.3.12.RELEASE/spring-web-4.3.12.RELEASE.jar!/" />
    </CLASSES>
    <JAVADOC>
      <root url="jar://$MAVEN_REPOSITORY$/org/springframework/spring-web/4.3.12.RELEASE/spring-web-4.3.12.RELEASE-javadoc.jar!/" />
    </JAVADOC>
    <SOURCES>
      <root url="jar://$MAVEN_REPOSITORY$/org/springframework/spring-web/4.3.12.RELEASE/spring-web-4.3.12.RELEASE-sources.jar!/" />
    </SOURCES>
  </library>
</component>