<component name="libraryTable">
  <library name="Maven: org.hamcrest:hamcrest-core:1.3">
    <CLASSES>
      <root url="jar://$MAVEN_REPOSITORY$/org/hamcrest/hamcrest-core/1.3/hamcrest-core-1.3.jar!/" />
    </CLASSES>
    <JAVADOC>
      <root url="jar://$MAVEN_REPOSITORY$/org/hamcrest/hamcrest-core/1.3/hamcrest-core-1.3-javadoc.jar!/" />
    </JAVADOC>
    <SOURCES>
      <root url="jar://$MAVEN_REPOSITORY$/org/hamcrest/hamcrest-core/1.3/hamcrest-core-1.3-sources.jar!/" />
    </SOURCES>
  </library>
</component>