<component name="libraryTable">
  <library name="Maven: org.springframework.data:spring-data-commons:1.13.8.RELEASE">
    <CLASSES>
      <root url="jar://$MAVEN_REPOSITORY$/org/springframework/data/spring-data-commons/1.13.8.RELEASE/spring-data-commons-1.13.8.RELEASE.jar!/" />
    </CLASSES>
    <JAVADOC>
      <root url="jar://$MAVEN_REPOSITORY$/org/springframework/data/spring-data-commons/1.13.8.RELEASE/spring-data-commons-1.13.8.RELEASE-javadoc.jar!/" />
    </JAVADOC>
    <SOURCES>
      <root url="jar://$MAVEN_REPOSITORY$/org/springframework/data/spring-data-commons/1.13.8.RELEASE/spring-data-commons-1.13.8.RELEASE-sources.jar!/" />
    </SOURCES>
  </library>
</component>